BareGround,BioRegion,Biome,ID,Month,Year,Notes,aspect,blue,bsi,calcite,chlorite,clay,dolomite,elevation,evi,exg,goethite,green,gypsum,hematite,illite_muscovite,kaolinite,landforms,meanAnnualPrecipitation,msavi,ndmi,ndvi,nir,nitrogen,osavi,ph,phosphorous,potassium,red,sand,satvi,savi,silt,slope,soc,soil_depth,stone,swir1,swir2,swirRatio,tc_bright,tc_green,tc_wet,vegType,vermiculite
100,Inland Saline Vegetation,Azonal Vegetation,F_0002,7,2024,Plain,0,0.069411255,0.130284686,0,0,17.38315989,0,844,0.078103105,-0.00184476,0,0.114445197,0,0.059867306,0.03692693,0,5,242,0.076751936,0.018323317,0.137867328,0.212655995,45.94323557,0.111920521,75.23368023,20,52.23368023,0.160854458,60.97161779,0.017761387,0.088364143,15.78618732,0,229.7251656,155.4541154,14.21381268,0.204640433,0.171274331,1.194834303,0.378132135,0.029844799,-0.09898229,9,0
100,Inland Saline Vegetation,Azonal Vegetation,F_0003,7,2024,Plain,-0.549824003,0.124189483,0.180588844,0.029015162,0,18.27079395,0,642,0.077973599,-0.012784973,0.063273908,0.203315804,0,0.07958783,0.030006672,0,5,287,0.084759761,-0.05145409,0.10712653,0.36533805,48.03308129,0.099329033,72.23771267,20.93194707,46.20321361,0.29565705,59.6436673,-0.027432866,0.090724144,17.49291115,1.010183489,,178.0330813,10.43950851,0.406089582,0.356829223,1.136426194,0.70169393,0.032921953,-0.233934115,9,0
32.3,Inland Saline Vegetation,Azonal Vegetation,F_0004,7,2024,Plain,-0.138985538,0.05148153,0.125616305,0.057717615,0,18.67824845,0.036106056,648,0.190005401,0.013370625,0,0.090518586,0,0.059560809,0,0,5,288,0.178843817,-0.045804658,0.343286878,0.228340198,60.43360305,0.267890189,72.75535459,21.57924798,51.67824845,0.109279426,56.12327463,0.233474541,0.204355101,18.75535459,0.161315575,,200,11.09900048,0.245648165,0.187122321,1.302658337,0.374509948,0.070867911,-0.155180948,9,0
94.6,Inland Saline Vegetation,Azonal Vegetation,F_0011,10,2024,Plain,0.089363769,0.125787617,0.160846137,0,0,21.52161243,0,903,0.073012348,-0.009150764,0.06828348,0.196648382,0,0.05674228,0.040061519,0,5,150,0.074339746,-0.037323099,0.099026684,0.336084284,47.19038368,0.090460915,79.25109276,17,50,0.277103148,64.20981059,-0.036453071,0.080537,17.52161243,0.082876848,163.2986887,120.5604662,14.27051967,0.363115373,0.332544755,1.088612829,0.650215322,0.023325677,-0.206631644,8,0
100,Inland Saline Vegetation,Azonal Vegetation,F_0059,3,2025,Plain,0,0.170162252,0.14939105,0,0,17.32590133,0,844,0.099998051,-0.011000124,0,0.257004521,0,0.0598895,0.037086729,0,5,242,0.10269076,-0.033081763,0.115605601,0.447236409,46.31214421,0.111361462,75.34819734,20,52.34819734,0.354846893,61.15607211,-0.070953143,0.106069709,15.69497154,0,228.18074,155.8164137,14.30502846,0.477938036,0.432090789,1.105467056,0.849768716,0.040370939,-0.272250548,9,0
53.8,Inland Saline Vegetation,Azonal Vegetation,F_0062,3,2025,Plain,-0.131909725,0.056524335,0.100260182,0.057322131,0,18.69142857,0.038149393,648,0.214088275,0.025036674,0,0.101046114,0,0.059824466,0,0,5,288,0.204127025,-0.009976209,0.355481612,0.253553312,60.4147619,0.288783585,72.72333333,21.57809524,51.69142857,0.120531217,56.25285714,0.215649725,0.228181893,18.72333333,0.161569604,,200,11.11333333,0.25850335,0.202527253,1.276555149,0.404432822,0.083267651,-0.159830909,9,0
100,Inland Saline Vegetation,Azonal Vegetation,F_0063,3,2025,Plain,-0.482860461,0.117641061,0.187698222,0.029117002,0,18.2737983,0,642,0.080940925,-0.017194365,0.063138121,0.199862536,0,0.080046112,0.029853912,0,5,287,0.089337453,-0.05712034,0.110048935,0.373331321,48.06597549,0.103125,72.20782281,20.85485391,46.13195099,0.299278374,59.76531574,-0.02369529,0.094691001,17.52827521,1.025950387,,178.0659755,10.32987747,0.418508064,0.368160729,1.136897187,0.714127985,0.036433837,-0.245977616,9,0
100,Inland Saline Vegetation,Azonal Vegetation,F_0095,4,2025,Plain,0.416468075,0.111738714,0.181707236,0,0,18.45204819,0,901.533494,0.067598383,-0.007188298,0.063235298,0.184670798,0,0.058007402,0.049141508,0,6,150,0.070260387,-0.062835899,0.095001006,0.321231549,51.12433735,0.085109975,80.03951807,18,51,0.264050914,64.31084337,-0.018160002,0.075988235,16,3.332520215,110.1214458,105.0959036,13.2486747,0.365411939,0.348755288,1.075265899,0.634913822,0.018380554,-0.231612136,8,0
73.1,Inland Saline Vegetation,Azonal Vegetation,F_0104,4,2025,Plain,0,0.059354145,0.097482393,0.018665455,0,20.88370975,0,1068,0.167437331,0.008404282,0.058913987,0.103427361,0,0.087101792,0.018570447,0.015686275,5,172,0.164272301,0.02421045,0.291192592,0.248664683,54.88370975,0.234650606,80.88370975,21.88370975,52,0.139096301,62.88370975,0.135855791,0.185379274,19,0,171.2085536,167.6977415,14,0.239808859,0.190687256,1.287883377,0.401470692,0.070844702,-0.13478772,8,0
59.1,Lower Karoo Bioregion,Nama-Karoo,F_0001,7,2024,Slope,0.959762155,0.045078708,0.122017266,0.049401519,0,23.27732342,0.048157981,850.688361,0.128894019,0.007219293,0.054459116,0.071440206,0,0.048756463,0,0,4,240,0.116816838,-0.032806085,0.275666139,0.159779025,64,0.195099298,76,22,51,0.090682108,54.27732342,0.180722369,0.139348421,18,1.941001559,188.6527316,159,16,0.170495298,0.124782355,1.366272186,0.268244174,0.043576646,-0.09635708,5,0
66.7,Lower Karoo Bioregion,Nama-Karoo,F_0005,7,2024,Slope,0.982366056,0.050774894,0.188303459,3.20E-04,0,19.87701041,0,662.9025544,0.138139434,0.001633338,0.04383197,0.078299792,0,0.071898365,3.20E-04,0,4.140491958,288,0.127264896,-0.130764113,0.275752496,0.181046933,65.81740776,0.205330556,73.33491012,23.7166509,50.50946074,0.104312645,59.02932829,0.240537092,0.150510623,16.17455061,5.592993896,205.333491,198.90965,16.96736045,0.238033918,0.187653817,1.273327186,0.335879442,0.045133132,-0.165508319,6,0
52.7,Upper Karoo Bioregion,Nama-Karoo,F_0006,7,2024,Plain,-0.617196432,0.075676306,0.177859747,0.02012325,0,22.08380952,0,1285.414762,0.131598624,-0.008209997,0,0.125195283,0,0.072806726,0.02012325,0,5,377,0.133791785,-0.076165082,0.206769645,0.277979302,57.87809524,0.177894685,76.1447619,21.65333333,52.6952381,0.182924261,54.40761905,0.112347946,0.148532626,21.20190476,1.161323106,274.3771429,200,11.75428571,0.323871413,0.286919851,1.129645974,0.509088665,0.053066431,-0.218642707,4,0
79.6,Upper Karoo Bioregion,Nama-Karoo,F_0007,7,2024,Plain,0.56952022,0.057033568,0.166946928,0,0,21.5952381,0,1280,0.113018409,-0.017874358,0,0.100169783,0,0.147450984,0.03019608,0,5,375,0.117897515,-0.031147518,0.199746112,0.241682052,60.13761905,0.165850056,75.55619048,23.38190476,53.03095238,0.161180342,56.3647619,0.090337519,0.133711951,20.03095238,1.500984766,215.0414286,195.0480952,13.38761905,0.257237958,0.226788554,1.134872063,0.423822952,0.050794419,-0.162250357,4,0
50.5,Upper Karoo Bioregion,Nama-Karoo,F_0008,7,2024,Plain,0.648421073,0.04901192,0.222941473,0.040028834,0,24.67563671,0,1287.206151,0.1346841,-0.008613806,0,0.078703269,0,0.138942446,0.040028834,0,5,377,0.130165995,-0.157578697,0.261101984,0.199585528,63.33781836,0.201089879,78,22,53,0.117008425,56.00672753,0.243681483,0.151717356,20,1.430129476,272.9846228,198.6621816,10,0.274253472,0.217044126,1.264559914,0.373168855,0.048072719,-0.196982753,4,0
83.9,Bushmanland Bioregion,Nama-Karoo,F_0009,10,2024,Plain,-0.743607857,0.079800219,0.167204858,0.013065529,0.04509804,19.68436434,0,918.1490502,0.028657574,0.023753255,0.071676714,0.136422342,0,0,0.045883405,0,5,153,0.027297444,-0.044239943,0.051822662,0.187467569,55,0.041411299,82.31563566,19,51,0.169194971,60.01948368,-0.004529936,0.032234584,17.15684364,1.965845537,103.3443741,94.3312226,15.82367267,0.204218746,0.175554014,1.170618952,0.378888504,-0.00181231,-0.099406805,15,0
78.5,Bushmanland Bioregion,Nama-Karoo,F_0010,10,2024,Plain,0.507579116,0.08114449,0.213678768,0.033769593,0,19.42947164,0,905.0193892,0.042635127,-3.78E-04,0.107351992,0.130010497,0,0,0.034967639,0,5,151,0.042093883,-0.122898944,0.074464222,0.210045641,52.96849249,0.061150405,83.09258362,18.90305381,51.00581677,0.180629178,64.62772661,0.065511085,0.048800456,17.21958313,0.486502952,95.0610761,88.54241396,15.09258362,0.268966119,0.219445379,1.227957154,0.432772067,0.007139811,-0.157634405,15,0
87.1,Upper Karoo Bioregion,Nama-Karoo,F_0012,10,2024,Slope,-0.955311938,0.047134947,0.275391037,0,0,25.93975904,0,1043.070361,0.051604003,-0.009111164,0.131243569,0.075204946,0,0.133055523,0,0,4.700240964,186,0.0489022,-0.214652555,0.118385593,0.140369951,64.92,0.084976366,77.01975904,22.04,52.93975904,0.110860265,59.01975904,0.183586476,0.060174392,18,4.189632141,255.4477108,91.12048193,14.04,0.216535327,0.176305286,1.228944004,0.300269637,0.010951165,-0.153975857,1,0
74.2,Upper Karoo Bioregion,Nama-Karoo,F_0013,10,2024,Plain,0.48751855,0.062803453,0.24383996,0.006507654,0.035294119,17.93121693,0,1050.712362,0.071115637,-0.008241456,0.095998151,0.104256585,0,0.100659255,0,0,4,187,0.071212242,-0.159837162,0.133110206,0.204128769,60,0.105953932,78,21,53,0.155992342,62.53439153,0.131969592,0.082634845,19,2.749715274,133.2453102,85.46560847,14,0.282858039,0.254003524,1.11534085,0.420321819,0.018292783,-0.204038866,1,0
91.4,Upper Karoo Bioregion,Nama-Karoo,F_0014,10,2024,Plain,-0.702739089,0.067086357,0.22944331,0.003178462,0,23.25276309,0,1027.440173,0.046714137,0.002170938,0.073922393,0.114092671,0,0.059652694,0.043128686,0.002902074,5,184,0.045985474,-0.138343851,0.08723022,0.190689592,62.57280154,0.069846348,82.01297453,21.01297453,53,0.159788001,56.61412782,0.093911686,0.054408865,18.98702547,3.839895026,124.496396,88.38539164,13.33301297,0.251236133,0.214102955,1.180862346,0.396004696,0.007704092,-0.159046612,1,0
74.2,Lower Karoo Bioregion,Nama-Karoo,F_0015,11,2024,Slope,0.951629654,0.061051455,0.16315209,0,0,,0,1012.231206,0.070603584,0.011802831,0.024660455,0.099276031,0,0,0.065985263,0,5,302,0.06511314,-0.067707157,0.141064626,0.167012819,,0.10581856,,,,0.12569778,,0.094064735,0.078157488,,3.663305285,239.498818,,,0.191242889,0.157713302,1.212695748,0.319719248,0.01804302,-0.108863106,5,0
40.9,Lower Karoo Bioregion,Nama-Karoo,F_0016,11,2024,Plain,0.954099407,0.05607915,0.118572451,0.056862745,0,21.58106842,0,938.6865042,0.113477818,0.01489875,0,0.090273698,0,0,0.04509804,0,5,280,0.102900067,-0.023337722,0.226100878,0.1735947,73.40955951,0.167555581,73,24,50,0.109569498,57.1715089,0.131688869,0.122604683,17,2.05015743,313.6223055,129.1527648,15.40955951,0.181842524,0.142956188,1.271953967,0.303347924,0.036113712,-0.100364053,5,0
72,Lower Karoo Bioregion,Nama-Karoo,F_0017,11,2024,Slope,0.289775815,0.062248797,0.166123486,0,0,19.06233062,0,921.0443396,0.07420127,0.012364105,0.035497597,0.09867706,0,0,0.062397893,0,4,269,0.067430451,-0.083702364,0.147876079,0.165333607,71.87533875,0.110263167,74.06233062,24,50,0.12274122,61.87533875,0.112243988,0.081063748,16.93766938,7.855504514,238.9169811,104.1246612,19,0.195528105,0.158385648,1.234824354,0.318972589,0.018346678,-0.11348153,5,0
48.4,Upper Karoo Bioregion,Nama-Karoo,F_0018,11,2024,Slope,-0.979514647,0.064146772,0.217559076,0.074509807,0,25.98766603,0,1246.053605,0.072626565,-0.006655803,0.044537816,0.09111054,0,0.044444446,0,0,5,252,0.065880353,-0.169280449,0.144878723,0.165934025,70.05740038,0.107508662,71.04506641,28.91793169,51,0.124290136,51.01233397,0.164399211,0.079169904,19,10.93034157,547.9952562,159.1845351,14.01233397,0.234663966,0.193672723,1.218424362,0.341519406,0.016554345,-0.160559216,4,0
83.9,Upper Karoo Bioregion,Nama-Karoo,F_0019,11,2024,Plain,0.700879894,0.060675357,0.132350538,0.04053722,5.24E-04,21.08520823,0,1218.083293,0.065543299,-0.002745365,0,0.095217528,0,0.042742461,0.030883714,0.004600193,5.085208234,243.126855,0.061800595,0.0030062,0.125843109,0.171460756,67.17041647,0.097692053,73.82958353,25.08520823,50.91479177,0.132186188,52.82958353,0.024957914,0.073641326,19.17041647,2.836621655,237.3413116,154.1704165,16,0.170331879,0.151897306,1.118970829,0.31290902,0.020423404,-0.090376612,4,0
67.7,Upper Karoo Bioregion,Nama-Karoo,F_0020,11,2024,Plain,0.401934969,0.061948445,0.140222623,0.046460122,0.057954355,24.24833174,0,1198.613441,0.077352231,0.004121198,0.027045366,0.093301092,0,0.033745058,0.038269175,0,5,242,0.070195708,-0.038672946,0.153414846,0.165614625,70.18589133,0.114615737,73.2650143,25.81410867,50.81410867,0.121724322,48.45090562,0.077974048,0.084388055,19,2.181914015,241.6158246,152.8856053,15.2650143,0.178945935,0.152181329,1.175660111,0.307267473,0.021791477,-0.100626149,4,0
77.4,Upper Karoo Bioregion,Nama-Karoo,F_0021,11,2024,Slope,0.40488741,0.066595521,0.231277144,0.045555681,0,18.68045649,0,1388.603899,0.07143797,0.002216073,0.04818762,0.112671855,0,8.86E-04,0.045465862,0.034461508,4.547788873,216,0.070246328,-0.151359625,0.128945156,0.203483132,69.66524013,0.104229058,74.98478364,26.44032335,51.21398003,0.156529055,59.22634332,0.13004747,0.081894186,18.19876367,9.788547614,187.9010937,131.1626248,17.33475987,0.27603456,0.233752636,1.181109555,0.415924607,0.017987055,-0.185498081,2,0
62.4,Upper Karoo Bioregion,Nama-Karoo,F_0022,11,2024,Plain,1,0.056080142,0.193460501,0.035307619,0,25.29249763,0,1340.169991,0.066215008,0.006983605,0.044090648,0.095907966,0,0.039215688,0.030868855,0,5,207,0.063145373,-0.095261732,0.135134838,0.16874425,67,0.102037468,79.85375119,25,54,0.128557538,53.14624881,0.101398126,0.075686541,20,1.242381698,163.0826211,138.4387464,13,0.203332681,0.181888477,1.117939791,0.331241006,0.016055214,-0.130966364,1,0
61.3,Upper Karoo Bioregion,Nama-Karoo,F_0023,11,2024,Plain,0.84013412,0.077877079,0.255237605,0.039912503,0,16.68220742,0,1336.840152,0.084355602,-0.011140948,0.058414334,0.123113199,0,0.062815996,0.030817524,0,4,208,0.083972435,-0.193846534,0.140219568,0.238430121,61.97478592,0.117558878,79.89866794,22.85632731,53,0.179888661,65.72169363,0.145094849,0.095454576,17.94386299,0.921632611,164.5784967,129.2212179,13.90247383,0.349268544,0.310265429,1.129869026,0.501266935,0.020734025,-0.260565081,1,0
60.2,Upper Karoo Bioregion,Nama-Karoo,F_0024,11,2024,Slope,-0.236360081,0.072283233,0.261949073,0.045588236,0.042156864,19,0,1440.632438,0.077154447,-0.017541038,0.083986931,0.117707613,0,0.088235296,0.045938376,0,4,246,0.07879945,-0.189462261,0.131811956,0.235524345,58,0.110437355,77.14059501,23.14059501,53,0.180673025,58.71880998,0.139513634,0.08980738,19,2.452109898,193.7783109,166,15,0.345638735,0.300436419,1.150517599,0.493793976,0.021589818,-0.252399969,4,0
75.3,Upper Karoo Bioregion,Nama-Karoo,F_0025,11,2024,Plain,1,0.078262143,0.257998512,0.038913596,0.003696407,20,0,1421.670335,0.075015821,-0.015221296,0.083736483,0.12864691,0,0.083547262,0.039774214,0.017928511,5.00861244,243,0.077175534,-0.1830559,0.123700225,0.249088234,58.44784689,0.105428902,79,22,54.99138756,0.194252958,60.99138756,0.119020593,0.087189776,19,1.20770472,182.6019139,175.7913876,13.00861244,0.360677838,0.321077171,1.123449688,0.524608228,0.019314507,-0.263986337,4,0
62.4,Upper Karoo Bioregion,Nama-Karoo,F_0026,11,2024,Slope,-0.763637876,0.060067797,0.257673865,0,0,23,0,1413.337805,0.08637714,-0.010150795,0.055555556,0.098557009,0,0.059383754,0,0,5.117872544,246,0.085546321,-0.190749467,0.161099491,0.20374858,64.8495448,0.128355465,77.42213704,25.26784859,53.03689506,0.147197005,56.3085769,0.178982337,0.099665852,18.46046957,6.203620384,213.9573551,170.5510302,12.57259224,0.299799148,0.255706026,1.172402321,0.420318046,0.024848839,-0.22027068,4,0
62.4,Upper Karoo Bioregion,Nama-Karoo,F_0027,11,2024,Plain,-0.439386913,0.068770797,0.261221243,0.032321939,0,19.13655966,0,1281.497844,0.063194949,-0.01657062,0.122454285,0.117772554,0,0.016530906,0.032321939,0,5,244,0.065809576,-0.173144769,0.111118768,0.229035167,57.11212266,0.092858174,82.61475803,20.38524197,55.24868232,0.183204738,60.38524197,0.11960171,0.075324897,18.0287494,1.804761639,214.2146622,194,10.86344034,0.324921217,0.273468608,1.188177261,0.47616496,0.01865319,-0.223477521,4,0
72,Upper Karoo Bioregion,Nama-Karoo,F_0028,11,2024,Others,-0.84757467,0.070088904,0.281033409,0.034916985,0,18.56397875,0,1280.436021,0.083192829,-0.008090475,0.085991661,0.11934252,0,0.094428667,0.034916985,0.033333335,4,242,0.084846797,-0.221164677,0.142808267,0.235108243,54.56397875,0.119285586,80.56397875,21.87204249,55,0.176316768,63,0.170767682,0.096717724,18.56397875,2.810427152,206.8590053,194.3838725,12,0.368611436,0.314077049,1.173589704,0.504980393,0.02131489,-0.276283088,4,0
77.4,Upper Karoo Bioregion,Nama-Karoo,F_0029,11,2024,Plain,0.020415329,0.067401366,0.266493712,0,0,17,0,1264.072324,0.076756536,-0.02519434,0.109980714,0.121875855,0,0.109980714,0.044425852,0,5,241,0.083903429,-0.16691333,0.130359162,0.261852134,56.1340405,0.112399735,82,19,55,0.201490459,62.8659595,0.115902186,0.094049712,20.43297975,0.726068497,254.6060752,193.7627772,12,0.366695597,0.312211004,1.174616175,0.532353286,0.029559319,-0.258010462,4,0
96.8,Upper Karoo Bioregion,Nama-Karoo,F_0030,11,2024,Plain,-0.356808769,0.084614124,0.221259912,0.042156864,0,17.86208554,0,1251.603075,0.071767218,-0.031863368,0.067647062,0.16146132,0,0.133986935,0.033333335,0,5,258,0.084138477,-0.087505949,0.109366096,0.339556636,51.46516098,0.099827019,79.46516098,19.81547333,54.71936569,0.269841293,60.13791446,0.009114812,0.09023483,18.39692456,0.842582563,273.2325805,195.7457953,11.53483902,0.408795816,0.374126452,1.09705,0.661070109,0.034261696,-0.269893029,4,0
48.4,Upper Karoo Bioregion,Nama-Karoo,F_0031,11,2024,Plain,0.606072571,0.059734031,0.261566616,0.041050611,0,20.37026379,0,1260.465707,0.077209526,-0.007078426,0.04642251,0.100072638,0,0.048889136,0,0,5,260,0.076210388,-0.203524121,0.136680691,0.198991424,65.10935252,0.111302551,82.57985612,21.96019185,56.14532374,0.148157518,56.51031175,0.161912744,0.088131487,18.85467626,1.140830973,218.5160671,187.4398082,12.42014388,0.300554575,0.26447418,1.14558597,0.421867929,0.018184181,-0.227270954,4,0
62.4,Upper Karoo Bioregion,Nama-Karoo,F_0032,11,2024,Slope,0.576258305,0.057274787,0.24632241,0,0,23.24450812,0,1279.78128,0.068746374,-0.00840659,0.076677625,0.089367441,0,0.056862745,0,0,4,261,0.065578347,-0.181521725,0.139113605,0.172260996,70.43935053,0.105272135,77.19484241,25.0974212,54,0.130405172,55.70582617,0.166678746,0.0783815,20.07354346,6.73630208,216.1719198,175.5148042,13.07354346,0.24997615,0.212163762,1.177846018,0.358365228,0.016681551,-0.178173576,4,0
63.4,Lower Karoo Bioregion,Nama-Karoo,F_0033,11,2024,Slope,0.973404359,0.056316284,0.197645169,0,0,22.50071395,0,1130.036173,0.074471702,0.003694378,0.074202764,0.099209688,0,0.001272037,0,0,5,261,0.073126983,-0.090009422,0.146676376,0.185903193,69.67539267,0.113793066,75.30318896,25,52,0.138408722,54.99000476,0.110713377,0.086411247,18.80247501,10.63993503,311.3046168,167.2384579,15.42027606,0.222702441,0.180390566,1.233939657,0.355226671,0.024121895,-0.133273427,5,0
72,Lower Karoo Bioregion,Nama-Karoo,F_0034,11,2024,Plain,0.799436875,0.061163022,0.176815075,0.052661065,0,25.36350575,0,1107,0.066434922,0.003025464,0.027450982,0.097414804,0,0.037254903,0.038235296,0,5,261,0.062171766,-0.080856234,0.131987186,0.170391443,71.13745211,0.099983021,76.39415709,24,52.23515326,0.130641123,54,0.08761605,0.074420847,19.4683908,1.214867046,229.8433908,164.4066092,14.03065134,0.20042078,0.180621444,1.109584096,0.332909013,0.015839074,-0.126685714,5,0
76.3,Lower Karoo Bioregion,Nama-Karoo,F_0035,11,2024,Plain,0.485427629,0.084284116,0.237000023,0.042352941,0,19.61888942,0,1090.200759,0.084379195,-0.009641173,0.059383754,0.130288234,0,0.053921569,0.031372551,0,5,257,0.082974636,-0.17337044,0.135542647,0.244248587,60.95016611,0.114604072,79.48979592,21.13051732,54.62031324,0.185933525,59.58186996,0.118324952,0.094028972,20.86948268,1.044116139,196.4565733,184.6483151,14,0.34674381,0.322396792,1.075482103,0.513132349,0.018576916,-0.260164489,5,0
50.5,Upper Karoo Bioregion,Nama-Karoo,F_0036,11,2024,Slope,-0.710259258,0.055715126,0.240402806,0,0,24.91963861,0,1556.206847,0.115555667,0.001842494,0,0.081199149,0,0,0,0,4,410,0.103376305,-0.215973117,0.23352332,0.168614982,81.00618165,0.170637057,68.38991916,25.5235378,50.89966714,0.104731738,50.40941512,0.267490252,0.123598347,20.89966714,15.71107504,534.9129815,185.8169282,12.81074655,0.257221928,0.202864223,1.26700642,0.341026547,0.030083945,-0.188199654,2,0
35.5,Upper Karoo Bioregion,Nama-Karoo,F_0037,11,2024,Slope,0.804746922,0.061896441,0.27242816,0,0,24.38557095,0,1459.623507,0.092872518,-0.002843186,0,0.086822759,0,0,0,0,5,398,0.08248469,-0.261315743,0.185476859,0.165727556,70.05972289,0.135984429,72.24128046,25,53,0.114215384,54.78356426,0.258861141,0.099064393,20.75871954,3.199113169,318.0238892,191.6392738,12.92785475,0.282821829,0.229350472,1.221648699,0.363722661,0.018334861,-0.216735748,4,0
76.3,Upper Karoo Bioregion,Nama-Karoo,F_0038,11,2024,Plain,0.162586325,0.068433785,0.253694827,0,0,24,0,1396.011407,0.097293728,-0.007487275,0.031860883,0.103213281,0,0.080043617,0,0,5,389,0.093638384,-0.209572869,0.175079202,0.207405812,71.50760456,0.139726061,76.49239544,22.99429658,55,0.145605987,51.50760456,0.198884644,0.108316512,19.50380228,1.065194887,304.0988593,187.0570342,9.507604563,0.311483755,0.273838094,1.148686679,0.436010529,0.024842787,-0.236820231,4,0
33.3,Upper Karoo Bioregion,Nama-Karoo,F_0039,11,2024,Plain,0.79830624,0.065402929,0.281888267,0,0,21.77713178,0,1455.70688,0.097162334,-0.007285609,0,0.096509145,0,0,0,0,5,401,0.092244535,-0.252031041,0.184821805,0.195839956,62.33139535,0.142568131,74.46996124,20,53.14777132,0.137591583,54.86724806,0.235867602,0.108336295,18,1.245455306,260.0072674,200,11.15358527,0.333230992,0.287018536,1.165170506,0.432277688,0.022440389,-0.265899283,4,0
33.3,Upper Karoo Bioregion,Nama-Karoo,F_0040,11,2024,Plain,-0.159881139,0.059423779,0.299114257,0,0,23.21390633,0,1460.859488,0.096736378,-0.007009246,0,0.081505896,0,0,0,0,5,402,0.089100186,-0.289234062,0.194986385,0.161409513,70.72621922,0.141460651,74.21100917,23.5041043,53.29019797,0.110157015,55.91791405,0.28446728,0.105645956,17.99710285,2.826980932,246.2766779,190.3660068,11.5041043,0.300416778,0.250884795,1.199795089,0.369447663,0.021252127,-0.244882376,4,0
49.5,Upper Karoo Bioregion,Nama-Karoo,F_0041,11,2024,Slope,0.871073602,0.065217332,0.300626339,0,0,21.26564004,0,1521.018287,0.088828452,-0.005569749,0,0.093677133,0,0,0,0,4,419.5120308,0.081037352,-0.290344934,0.172820569,0.179613839,67.41385948,0.129507181,73.19345525,24.26564004,52.14821944,0.126566602,57.56400385,0.256862574,0.096768705,16.49566891,2.268896876,292.1761309,179.9692012,12.0452358,0.324026763,0.273078402,1.190241545,0.408958238,0.015440821,-0.259999465,4,0
73.1,Bushmanland Bioregion,Nama-Karoo,F_0042,11,2024,Plain,-0.587292084,0.085327122,0.240364106,0.04088168,0.04484873,13.02209131,0,899.4035346,0.088657717,-0.050570129,0,0.140414023,0,0.197586421,0.054680953,0.074249267,5,185,0.09884133,-0.130857855,0.135315194,0.32421332,42.56504664,0.122198225,80.31369661,20.00098184,50.12027491,0.246890187,68.33480609,0.070206924,0.107417117,14.78252332,1.372014432,102.1629848,154.8105056,16.00098184,0.421912919,0.366392316,1.161659032,0.632883,0.04262883,-0.28843466,12,0
96.8,Bushmanland Bioregion,Nama-Karoo,F_0043,11,2024,Plain,0.063959468,0.08256642,0.251448682,0.044058671,0,14,0,926,0.076533095,-0.055739092,0,0.142744582,0,0.195356162,0.060690107,0.07832957,5.436035156,193,0.08846509,-0.131728035,0.118071817,0.328631055,41.64160156,0.107681707,78.60839844,19,50,0.259313443,67,0.042870345,0.0957004,16.03320313,0.614406715,113.4179687,136.5419922,17,0.430163863,0.386792295,1.112281355,0.654071656,0.037637563,-0.29920187,12,0
77.4,Bushmanland Bioregion,Nama-Karoo,F_0044,11,2024,Slope,0.03982258,0.091700935,0.231335028,0.066013075,0.047712419,16.74755859,0,961.8330078,0.076976794,-0.015443062,0,0.141729902,0,0.101307191,0.059912857,0,4.756347656,197,0.077237658,-0.158109016,0.118431248,0.261691082,54.63671875,0.102759611,80,21.31835938,48.69042969,0.206809618,63.63671875,0.095466948,0.086439493,13.31835938,6.224572881,170.8574219,139.9316406,19.16015625,0.359944063,0.31730104,1.13368011,0.542158752,0.019731417,-0.251836419,12,0
36.6,Bushmanland Bioregion,Nama-Karoo,F_0045,11,2024,Plain,0,0.07263041,0.268348039,0.048498551,0.022021264,14,0,944,0.092460955,-0.026429983,0,0.118222204,0,0.137405722,0.047497585,0,5,194,0.09656162,-0.193614877,0.152897467,0.260395029,34.48950708,0.130710758,79.8579795,19.06881406,50.06881406,0.191072147,69.00439239,0.152703005,0.108445874,14,0,113.9853587,174.6349439,13.49389946,0.385229275,0.324576027,1.173178824,0.53665946,0.032611915,-0.283124723,12,0
83.9,Bushmanland Bioregion,Nama-Karoo,F_0046,11,2024,Plain,-0.532327968,0.094639176,0.247263631,0.048621188,0,15,0,958.7144963,0.080261185,-0.045412948,0,0.163583946,0,0.170848393,0.059663177,0.063941163,4,196,0.092354737,-0.134955668,0.117898585,0.353636176,33,0.109147043,72,18,51,0.278914791,73,0.039028772,0.098761486,13,1.143967622,133.568059,122,17,0.463503991,0.397512432,1.143931995,0.704056822,0.03862566,-0.312910417,12,0
84.9,Bushmanland Bioregion,Nama-Karoo,F_0047,11,2024,Plain,0.049957114,0.102637647,0.252475311,0.01404255,0,12.70151441,0,913.9237909,0.084070936,-0.069543238,0,0.17209839,0,0.218355656,0.085662183,0.085662183,5,144,0.099939257,-0.135658289,0.118585235,0.400942657,22.76502198,0.112301621,78,14,46,0.317057216,78,0.009419459,0.104757772,11.23742062,1.08968584,157.9965804,111.8788471,13,0.524973556,0.470681202,1.112662617,0.797999946,0.046556751,-0.367784437,12,0
61.3,Bushmanland Bioregion,Nama-Karoo,F_0048,11,2024,Plain,0.964595978,0.087247115,0.276570348,0.032312133,0.043137256,10.00636631,0,908.6944172,0.081497626,-0.059784886,0,0.141034236,0,0.193974812,0.041514883,0.046259915,5,142,0.092778758,-0.179034827,0.125176031,0.331693609,27.73408423,0.113459776,77.30166503,16.99363369,47,0.258143805,78.31194907,0.073220505,0.100272199,12.03966699,2.041565744,155.2370225,141.8643487,15,0.475254319,0.434676585,1.092875844,0.687346435,0.034777077,-0.358824453,12,0
81.7,Bushmanland Bioregion,Nama-Karoo,F_0049,11,2024,Plain,-0.421681216,0.108592856,0.244362137,0.030907978,0,12,0,923.1758671,0.078296022,-0.054262788,0,0.178687557,0,0.189279748,0.053775391,0.061383471,5,145,0.090630104,-0.13228563,0.11130361,0.378825231,25.17195896,0.104497752,76,16,46,0.304215563,74,0.015430344,0.096057518,12,1.801901526,136.1328774,123.828041,15,0.49361084,0.441826109,1.111566345,0.762080922,0.037289015,-0.340411413,12,0
73.1,Bushmanland Bioregion,Nama-Karoo,F_0050,11,2024,Plain,0.473323931,0.074752594,0.232650395,0.03560172,0,11.63844282,0,1069,0.093364177,-0.038272272,0.093959259,0.132942671,0,0.146768128,0.048259235,0.058063116,4,185,0.104609689,-0.113028665,0.147365231,0.308611501,49.33138686,0.131627789,79.00973236,18.0136253,48.67883212,0.229092367,71.41508516,0.073737607,0.114371179,13.05352798,2.469688856,198.1664234,152.026764,14.06618005,0.38699699,0.337041441,1.143594876,0.591064437,0.045758551,-0.262861431,12,0
65.6,Bushmanland Bioregion,Nama-Karoo,F_0051,11,2024,Plain,-0.119868245,0.069338333,0.2617053,0,0,11.55588092,0,1030.882382,0.098790584,-0.046621198,0,0.115142566,0,0.21644522,0.103796369,0.108931905,5,180,0.108709171,-0.166259147,0.161138549,0.287809871,47.42362128,0.141228568,80.24694973,19,50,0.207845927,69.28355295,0.127061564,0.120158347,13.98584675,0.17635602,181.2103465,155.4875549,12,0.403035911,0.347621542,1.152940178,0.57091337,0.044397865,-0.29557532,12,0
75.3,Bushmanland Bioregion,Nama-Karoo,F_0052,11,2024,Plain,0.872682927,0.074405474,0.241496183,0,0,12.81170732,0,1018.510732,0.101680194,-0.057110145,0,0.128639395,0,0.224111033,0.112861471,0.11879643,4,172,0.116537619,-0.122491641,0.158133265,0.329800341,43.91365854,0.143191748,79.48926829,18.81170732,49.48926829,0.239833645,71.61268293,0.083445342,0.126160904,14,0.809334827,168.7287805,144.0165854,14.89804878,0.4221134,0.355938855,1.178597343,0.626027372,0.056625892,-0.288163355,12,0
84.9,Lower Karoo Bioregion,Nama-Karoo,F_0053,3,2025,Plain,0.768449615,0.064912192,0.165216746,0,0,18.87898687,0,531.6261726,0.055581026,0.017785909,0.040847222,0.106425915,0,0.041373133,0.085127905,0,5,158,0.050863171,-0.069924327,0.111364658,0.162788404,57.51594747,0.082813302,78,20.14399625,49.14399625,0.130153728,60.85600375,0.074338017,0.061175407,18.37195122,1.858344223,110.5445591,91.39258912,19.14915572,0.188883607,0.151543863,1.257114551,0.320380266,0.01093753,-0.101248191,5,0
82.8,Lower Karoo Bioregion,Nama-Karoo,F_0054,3,2025,Slope,0.994262645,0.086556757,0.16856485,0,0,18,0,528.1378659,0.075723744,0.023587335,0.027158438,0.138608966,0,0.025014351,0.084160219,0,4,158,0.069843972,-0.08767563,0.124511219,0.214572611,55,0.101677437,78,22,49,0.167073845,64,0.080023512,0.080754942,19,3.72690599,164.0084986,85,21,0.255661666,0.213095661,1.199948741,0.425473546,0.015406794,-0.147938473,5,0
74.2,Lower Karoo Bioregion,Nama-Karoo,F_0055,3,2025,Slope,0.292095074,0.060487812,0.167696676,0,0,19.03384095,0,920.8312236,0.070688926,0.008960386,0.034472299,0.092080827,0,0,0.062165965,0,4,269,0.063091193,-0.094679404,0.14599778,0.153990751,71.9323181,0.10618987,74.03384095,24,50,0.114713456,61.9323181,0.122706032,0.076605533,16.96615905,8.094405507,242.2048758,104.0676819,19,0.186168694,0.146627,1.27001209,0.298804432,0.017034952,-0.107404636,5,0
37.6,Lower Karoo Bioregion,Nama-Karoo,F_0056,3,2025,Plain,0.95210006,0.058833017,0.11639856,0.056862745,0,21.61305582,0,938.6726585,0.121215321,0.01670578,0,0.092964848,0,0,0.04509804,0,5,280,0.108749742,-0.030243989,0.236806972,0.178344933,73.44465468,0.175698143,73,24,50,0.110390898,57.16840114,0.147901566,0.129034564,17,2.039083179,314.09035,129.2838221,15.44465468,0.189179005,0.139425551,1.356423496,0.309696075,0.039189899,-0.10060349,5,0
83.9,Lower Karoo Bioregion,Nama-Karoo,F_0057,3,2025,Slope,0.952571104,0.063101247,0.168405439,0,0,,0,1012.198775,0.060580701,0.014242044,0.023946875,0.102939032,0,0,0.066061718,0,5,302,0.055665538,-0.074810746,0.121703214,0.163947279,,0.090936079,,,,0.128534762,,0.088165709,0.067041153,,3.691647918,239.060292,,,0.190284568,0.148962037,1.276591594,0.318501188,0.0142144,-0.10159129,5,0
73.1,Lower Karoo Bioregion,Nama-Karoo,F_0058,3,2025,Slope,0.950463752,0.087820332,0.193701657,0.049506335,0,23.26427623,0.048280266,850.6672959,0.093209002,-4.96E-04,0.054531904,0.134887624,0,0.048773932,0,0,4,240,0.089428,-0.117495987,0.146298757,0.245126148,64,0.12353493,76,22,51,0.182450978,54.26427623,0.112629557,0.101236685,18,1.961029189,188.2359604,159,16,0.310276122,0.24908881,1.245596327,0.479985658,0.029160874,-0.191969006,5,0
59.1,Lower Karoo Bioregion,Nama-Karoo,F_0060,3,2025,Plain,0.066202229,0.055961771,0.141178865,0.031372551,0,23.06855792,0,839.5825059,0.143276827,0.0027798,0,0.085590737,0,0.073725492,0.031862747,0.025490196,4,239,0.132019608,-0.062854886,0.269942735,0.195539371,61.46524823,0.206036731,79.02364066,23,53,0.112439904,48.93427896,0.18652508,0.154294194,20.46666667,1.034292909,165.8851064,162.2387707,15.46619385,0.221771361,0.181025686,1.225126736,0.340904343,0.048959093,-0.143570543,6,0
68.8,Lower Karoo Bioregion,Nama-Karoo,F_0061,3,2025,Slope,0.981776875,0.047911656,0.155377027,1.06E-04,0,19.96507787,0,662.8376593,0.147176786,0.003173012,0.041120951,0.078222401,0,0.071051368,1.06E-04,0,4.193487494,288,0.138550258,-0.074172172,0.29010501,0.191590267,65.63237376,0.21874056,73.36101935,23.76026428,50.51722511,0.105360133,58.95847098,0.213331557,0.162224112,16.15620576,5.615453778,205.7432751,199.0519113,16.91316659,0.222239059,0.174556246,1.273219038,0.33030746,0.052715968,-0.144934614,6,0
72,Upper Karoo Bioregion,Nama-Karoo,F_0064,3,2025,Plain,0.584663462,0.06805876,0.169372864,0,0,21.52938366,0,1280,0.127359895,-0.026843651,0,0.120554041,0,0.147450984,0.03019608,0,5,375,0.138455409,-0.029837042,0.203054404,0.301203554,60.09937888,0.178169159,75.59292881,23.36884854,53.01911132,0.199892964,56.37267081,0.072685798,0.151919309,20.01911132,1.487361866,214.2097468,194.7845198,13.4744386,0.319898686,0.281169399,1.13764926,0.525070589,0.065428032,-0.202190871,4,0
67.7,Upper Karoo Bioregion,Nama-Karoo,F_0065,3,2025,Plain,-0.628139656,0.067833869,0.139064723,0.019766498,0,22.11137554,0,1285.435031,0.17981535,1.09E-04,0,0.119468073,0,0.07262835,0.019766498,0,5,377,0.184044497,-0.027770942,0.280856022,0.301157004,57.7039505,0.24129692,76.15992385,21.61161352,52.66730129,0.170993555,54.43693479,0.143524048,0.201682624,21.22846264,1.173177005,274.8300809,200,11.82532128,0.320361391,0.270428687,1.190516648,0.50737302,0.081450291,-0.206599589,4,0
23.7,Upper Karoo Bioregion,Nama-Karoo,F_0066,3,2025,Plain,0.648421128,0.03156146,0.102189704,0.041176472,0,24.19138756,0,1287.237321,0.222917272,0.014338173,0,0.060247712,0,0.139215693,0.041176472,0,5,377,0.21162384,-0.023899488,0.457741221,0.20042616,63.09569378,0.335554595,78,22,53,0.07459579,55.64354067,0.31689259,0.243522421,20,1.430129351,272.4052632,198.9043062,10,0.210164485,0.141705246,1.483425869,0.297872635,0.085284522,-0.130324101,4,0
32.3,Upper Karoo Bioregion,Nama-Karoo,F_0067,3,2025,Plain,0.810503512,0.040013809,0.161352287,0,0,21.7955748,0,1455.72583,0.204190421,0.009682241,0,0.068532619,0,0,0,0,5,401,0.188721859,-0.107835777,0.39950244,0.205113105,62.41269841,0.296103853,74.40644541,20,53.12457912,0.087717698,54.76815777,0.31146257,0.217590098,18,1.243476904,259.7821068,200,11.09187109,0.251263435,0.185379313,1.379478785,0.336713463,0.070995413,-0.175928641,4,0
15.1,Upper Karoo Bioregion,Nama-Karoo,F_0068,3,2025,Plain,-0.198143926,0.035205033,0.184769857,0,0,23.17130518,0,1460.829655,0.173727214,0.011880093,0,0.055470936,0,0,0,0,5,402,0.153568166,-0.167794858,0.40883018,0.157773252,70.52159309,0.263885795,74.21257198,23.45009597,53.27879079,0.062664737,55.97504798,0.360065161,0.182606237,18.04126679,2.725019291,246.7154511,190.4102687,11.45009597,0.217923425,0.152824101,1.417615199,0.271120235,0.05100923,-0.157362512,4,0
43.6,Upper Karoo Bioregion,Nama-Karoo,F_0069,3,2025,Slope,0.874917049,0.042835874,0.229916675,0,0,21.20337349,0,1521,0.166181446,0.008006455,0,0.072322963,0,0,0,0,4,419.5142169,0.151772645,-0.20003344,0.335670409,0.1839868,67.35180723,0.246182804,73.17445783,24.20337349,52.14843373,0.091951398,57.36240964,0.330545364,0.17830564,16.59614458,2.281488042,292.0212048,179.3195181,12.0260241,0.277834807,0.202592311,1.373223341,0.346810681,0.052497198,-0.204220109,4,0
46.2,Upper Karoo Bioregion,Nama-Karoo,F_0070,3,2025,Slope,-0.717050449,0.030449948,0.133639084,0,0,24.97245964,0,1556.746914,0.19186937,0.01659441,0,0.051040215,0,0,0,0,4,410,0.163582057,-0.110208495,0.425317084,0.156936368,81.11253561,0.283727287,68.35327635,25.50664767,50.86087369,0.05618786,50.36847104,0.341122158,0.195394174,20.86087369,15.64475022,537.5698006,186.0375119,12.92497626,0.178706917,0.128035861,1.435427981,0.233369022,0.057423199,-0.125746563,2,0
23.7,Upper Karoo Bioregion,Nama-Karoo,F_0071,3,2025,Slope,0.80602879,0.042743234,0.203898566,0,0,24.31839847,0,1459.536225,0.180306938,0.011070244,0,0.067776625,0,0,0,0,5,398,0.161024392,-0.177696947,0.349055548,0.185169339,70.13489037,0.257571636,72.25834128,25,53,0.083822546,54.9099142,0.328557024,0.188263408,20.74165872,3.175552522,318.8179218,191.849857,12.9699714,0.246900719,0.184702772,1.366127948,0.314844964,0.055952117,-0.181715468,4,0
48.4,Upper Karoo Bioregion,Nama-Karoo,F_0072,3,2025,Plain,0.182421793,0.043271673,0.148118724,0,0,24,0,1396,0.216591705,0.0103636,0.034226905,0.080044056,0,0.07936249,0,0,5,389,0.207389148,-0.070195059,0.367747523,0.234894397,71.47103877,0.294066298,76.52896123,23,55,0.107005418,51.47103877,0.274318812,0.231784067,19.52896123,1.061931232,303.6314026,187,9.471038775,0.270410806,0.209558225,1.301722841,0.382568065,0.084289193,-0.186169931,4,0
63.4,Lower Karoo Bioregion,Nama-Karoo,F_0073,3,2025,Slope,0.97087912,,,0,0,22.37077582,0,1130.106616,,,0.074509807,,0,0,0,0,5,261,,,,,69.7263208,,75.2617801,25,52,,54.86482627,,,18.89100428,10.74355558,312.0218943,167.0195145,15.29128986,,,,,,,5,0
63.4,Lower Karoo Bioregion,Nama-Karoo,F_0074,3,2025,Plain,0.834605255,,,0.052661065,0,25.29216152,0,1107,,,0.027450982,,0,0.037254903,0.038235296,0,5,261,,,,,71.07410926,,76.30261283,24,52.21092637,,53.99904988,,,19.68788599,1.164461966,226.415677,164.7871734,14.01045131,,,,,,,5,0
79.6,Lower Karoo Bioregion,Nama-Karoo,F_0075,3,2025,Plain,0.46690979,,,0.042352941,0,19.61113755,0,1090.181818,,,0.059383754,,0,0.053921569,0.031372551,0,5,257,,,,,60.91670633,,79.51261304,21.12375059,54.63636364,,59.57068063,,,20.87624941,1.041737235,196.4231318,184.7196573,14,,,,,,,5,0
60.2,Upper Karoo Bioregion,Nama-Karoo,F_0076,3,2025,Plain,-0.49458806,,,0.032368651,0,19.16425121,0,1281.61256,,,0.122278425,,0,0.018212561,0.032368651,0,5,244,,,,,57.00724638,,82.66425121,20.33574879,55.17149758,,60.33574879,,,18.0178744,1.817605064,213.0541063,193.4932367,10.83574879,,,,,,,4,0
55.9,Upper Karoo Bioregion,Nama-Karoo,F_0077,3,2025,Slope,-0.835470869,0.043473963,0.239226576,0.034987766,0,18.52935515,0,1280.470645,0.122213502,0.007167469,0.086044747,0.081431481,0,0.094508296,0.034987766,0.033333335,4,242,0.119557455,-0.169359138,0.250502302,0.187239672,54.52935515,0.189392322,80.52935515,21.9412897,55,0.11222153,63,0.253218354,0.140750807,18.52935515,2.812820407,206.2704524,194.1761309,12,0.263590693,0.193432464,1.362696657,0.354769173,0.042888622,-0.179582883,4,0
68.8,Upper Karoo Bioregion,Nama-Karoo,F_0078,3,2025,Plain,0.019098346,0.046511968,0.230852084,0,0,17,0,1264.086977,0.105575433,-0.00889079,0.110120748,0.085351645,0,0.110120748,0.044532937,0,5,241,0.107505456,-0.134655335,0.207783937,0.202862818,56.10043248,0.163239994,82,19,55,0.133082112,62.89956752,0.193704432,0.125219709,20.44978376,0.767720213,255.0754445,193.9476213,12,0.265996644,0.198553773,1.340034134,0.377939961,0.04301594,-0.172187013,4,0
100,Upper Karoo Bioregion,Nama-Karoo,F_0079,3,2025,Plain,-0.312097629,0.094859517,0.220820504,0.042156864,0,17.98185291,0,1251.567813,0.071764473,-0.031882989,0.067647062,0.172038858,0,0.133986935,0.033333335,0,5,258,0.082616266,-0.085386968,0.106111481,0.347742938,51.54966571,0.098046092,79.54966571,19.7617001,54.68863419,0.281101188,60.01814709,-0.001278024,0.088545749,18.4321872,0.780755556,273.0440613,195.8610315,11.45033429,0.412728473,0.367319111,1.12368645,0.675606233,0.034509195,-0.260669051,4,0
54.8,Upper Karoo Bioregion,Nama-Karoo,F_0080,3,2025,Plain,0.5390706,0.062887825,0.274064963,0.045659404,0,20.37086727,0,1260.465261,0.074782793,-0.008057029,0.045773205,0.102879597,0,0.048339864,0,0,5,260,0.073724458,-0.21637748,0.139342598,0.199812502,65.11978917,0.110994069,82.51701006,21.94202204,56.12745568,0.150928398,56.45519885,0.178563417,0.08616994,18.87254432,1.134028308,218.7158601,187.4326785,12.48298994,0.310095437,0.267090878,1.160968464,0.429222693,0.017018745,-0.232210984,4,0
64.5,Upper Karoo Bioregion,Nama-Karoo,F_0081,3,2025,Plain,0.611742692,0.054236935,0.251808905,0,0,23.14094601,0,1279.853798,0.073560896,-0.005930851,0.076414662,0.085590507,0,0.056862745,0,0,4,261,0.069740443,-0.19408297,0.152347612,0.166879151,70.65217391,0.113716,77.1213569,25.06067845,54,0.122874931,55.86526517,0.189340818,0.083667658,20.03583373,6.880557833,215.5805065,175.2508361,13.02723364,0.247384897,0.204211418,1.212906909,0.347067202,0.018347856,-0.176284252,4,0
61.3,Upper Karoo Bioregion,Nama-Karoo,F_0082,3,2025,Slope,-0.229123744,0.061953671,0.273323299,0.045588236,0.042156864,19,0,1440.6,0.078161834,-0.016191979,0.083986931,0.102007908,0,0.088235296,0.045938376,0,4,246,0.078938206,-0.205418276,0.143490845,0.211289845,58,0.116160663,77.12583732,23.12583732,53,0.158254123,58.74832536,0.178253996,0.091479203,19,2.432625665,194.3827751,166,15,0.320538246,0.260285359,1.231547529,0.441317176,0.023948444,-0.229163382,4,0
74.2,Upper Karoo Bioregion,Nama-Karoo,F_0083,3,2025,Plain,0.996977028,0.065275135,0.268351366,0.038580865,0.002140061,20,0,1421.669698,0.074460834,-0.011209592,0.084125735,0.10827071,0,0.084016184,0.039579605,0.019027774,5.009095261,243,0.074872261,-0.200658263,0.134704791,0.213066547,58.37817137,0.109566905,79,22,54.99090474,0.162475877,60.99090474,0.164419105,0.086662459,19,1.226796431,183.1206319,175.5126855,13.00909526,0.320023641,0.266183698,1.202352518,0.448610951,0.020327174,-0.229201238,4,0
67.7,Upper Karoo Bioregion,Nama-Karoo,F_0084,3,2025,Slope,-0.756366073,0.050965476,0.246606907,0,0,23.00288739,0,1413.397979,0.094337915,-0.003294831,0.055555556,0.08857931,0,0.059383754,0,0,5.060635226,246,0.092992039,-0.172176946,0.187530969,0.189258953,64.81424447,0.144830073,77.32964389,25.2560154,53.0120308,0.129487975,56.14725698,0.200142165,0.109506586,18.60298364,6.196959746,213.1703561,170.3936477,12.52694899,0.267988033,0.212207481,1.262856804,0.374539006,0.031031001,-0.185647865,4,0
64.5,Upper Karoo Bioregion,Nama-Karoo,F_0085,3,2025,Slope,-0.979519897,0.044730001,0.190992143,0.074509807,0,25.97177033,0,1245.942584,0.10143276,0.004617727,0.044537816,0.068255739,0,0.044444446,0,0,5,252,0.090456891,-0.138331108,0.236160783,0.141058798,70.03779904,0.161040236,71.00956938,28.90574163,51,0.08716375,51.02822967,0.224144942,0.111014504,19,10.76671231,546.8669856,159.1416268,14.02822967,0.186348059,0.135928356,1.370952999,0.264198501,0.029865868,-0.119196111,4,0
84.9,Upper Karoo Bioregion,Nama-Karoo,F_0086,3,2025,Plain,0.69701735,0.056779381,0.113218866,0.040638184,4.04E-04,21.07407407,0,1218.154321,0.071250038,-2.85E-04,0,0.089292191,0,0.043077494,0.030921085,0.003766549,5.074074074,243.1467236,0.066458288,0.028072891,0.147824906,0.163959601,67.14814815,0.109395878,73.85185185,25.07407407,50.92592593,0.122090014,52.85185185,0.029896077,0.08005217,19.14814815,2.870161123,237.002849,154.1481481,16,0.155291005,0.134085722,1.161054648,0.290735975,0.023474257,-0.076486126,4,0
71,Upper Karoo Bioregion,Nama-Karoo,F_0087,3,2025,Plain,0.549215242,0.050251938,0.12098233,0.046586407,0.047176415,24.02570205,0,1199.038553,0.09644062,0.009081323,0.02201566,0.08014347,0,0.033255041,0.038594446,0,5,242,0.087376524,-0.017753157,0.209036614,0.154297816,70.51023322,0.149036616,73.54688244,25.48976678,50.48976678,0.100953679,49.05711566,0.116069039,0.105953996,19,2.798397015,238.5697287,151.2303665,15.54688244,0.159918415,0.127169908,1.257565096,0.270705645,0.030339634,-0.086947829,4,0
53.8,Bushmanland Bioregion,Nama-Karoo,F_0088,4,2025,Plain,-0.554589217,0.047539278,0.142557785,0.040757305,0.042261716,13.03006407,0,899.3075407,0.169972311,-0.00370084,0,0.085646353,0,0.197974473,0.054422251,0.074415102,5,185,0.171341328,-0.031376341,0.304893805,0.239594264,42.39773287,0.246318668,80.42040414,20.01084278,50.17102021,0.12745428,68.43962543,0.199924069,0.193705399,14.69886644,1.35471942,101.8432725,154.7062592,16.01084278,0.25502501,0.181074083,1.410240356,0.386244402,0.077006536,-0.14827777,12,0
52.7,Bushmanland Bioregion,Nama-Karoo,F_0089,4,2025,Plain,0.085374791,0.043835233,0.1671787,0.043892201,0,14,0,926,0.156624706,-0.001841558,0,0.0822459,0,0.195383667,0.060594861,0.078130731,5.41752325,193,0.158128906,-0.061149329,0.293054786,0.224691667,41.67302986,0.232750379,78.65051395,19,50,0.122498128,67,0.2122507,0.18037569,16.02251591,0.588321991,113.4214391,136.8996574,17,0.253248324,0.180534312,1.405160952,0.373176179,0.06884138,-0.15280631,12,0
69.9,Bushmanland Bioregion,Nama-Karoo,F_0090,4,2025,Slope,0.040596989,0.05033113,0.110242987,0.066013075,0.047712419,16.74902344,0,961.8574219,0.194925104,0.016207627,0,0.092691692,0,0.101307191,0.059912857,0,4.755859375,197,0.19014481,-0.008057919,0.341067787,0.241784283,54.6171875,0.273935825,80,21.30859375,48.69824219,0.11884463,63.6171875,0.206485955,0.214249767,13.30859375,6.251061091,170.8886719,139.9394531,19.17285156,0.245739571,0.18817786,1.308128158,0.384352482,0.079410861,-0.148219704,12,0
22.6,Bushmanland Bioregion,Nama-Karoo,F_0091,4,2025,Plain,0,0.032977563,0.1808957,0.049341765,0.009654126,13.98090108,0,944,0.151214718,0.007744288,0,0.060004049,0,0.138642435,0.048902941,0,5,194,0.142177084,-0.110356076,0.346067366,0.1636123,34.7761998,0.24190062,79.77522037,19.15279138,50.1718903,0.079286248,68.88099902,0.287710396,0.169816262,14,0,114.7683643,174.6547502,13.61900098,0.204041744,0.139321855,1.468982438,0.276898503,0.05418098,-0.131728426,12,0
52.7,Bushmanland Bioregion,Nama-Karoo,F_0092,4,2025,Plain,-0.485102321,0.057088594,0.211595963,0.048452385,0,15,0,958.7691184,0.139264839,-0.015442066,0,0.105574826,0,0.170310447,0.059644628,0.064469215,4,196,0.148388014,-0.106014584,0.234492154,0.273266276,33,0.199689054,72,18,51,0.169503114,73,0.181282233,0.165048433,13,1.04247988,132.905017,122,17,0.337956043,0.247803691,1.367311694,0.486393669,0.068324682,-0.212955987,12,0
79.8,Bushmanland Bioregion,Nama-Karoo,F_0093,4,2025,Plain,-0.755995588,0.064564136,0.13918009,0.012219381,0.04509804,19.65942029,0,918.1434783,0.057486305,0.027168116,0.071563894,0.114463708,0,0,0.046023019,0,5,153,0.053869976,-0.01022358,0.111815847,0.171978119,55,0.085693214,82.34057971,19,51,0.137828572,60.00338164,0.028769902,0.064448515,17.15410628,1.981582456,104.1782609,94.27922705,15.84251208,0.175545101,0.147762823,1.193804218,0.326500998,0.012372704,-0.084084394,15,0
83.9,Bushmanland Bioregion,Nama-Karoo,F_0094,4,2025,Plain,0.467971499,0.063239448,0.183623006,0.033718177,0,19.38832117,0,905.0116788,0.075453634,0.007799789,0.107444541,0.107772638,0,0,0.034936789,0,5,151,0.073128374,-0.084131055,0.141999052,0.194450851,52.88905109,0.112074412,83.06569343,18.87250608,50.98734793,0.146074117,64.75231144,0.100699034,0.086036171,17.27445255,0.443499674,95.04428224,88.48856448,15.06569343,0.230470371,0.188206875,1.243934527,0.372914851,0.023261743,-0.136223132,15,0
89.2,Upper Karoo Bioregion,Nama-Karoo,F_0096,4,2025,Plain,-0.704670686,0.060148357,0.210306614,0.002385683,0,23.12141491,0,1027.530115,0.064044866,0.010270108,0.073789442,0.105395898,0,0.059445882,0.043340422,0.002178233,5,184,0.061903842,-0.117700645,0.125341518,0.180079167,62.4956979,0.096795489,82.02581262,21.02581262,53,0.140396438,56.69694073,0.110901061,0.073455537,18.97418738,3.758839576,124.4034417,88.41108987,13.4000956,0.228348309,0.191892331,1.195778615,0.361325207,0.015524941,-0.142849412,1,0
77.4,Upper Karoo Bioregion,Nama-Karoo,F_0097,4,2025,Plain,0.50150618,0.052390423,0.22147081,0.005736587,0.035294119,17.97553957,0,1050.64988,0.087300572,6.81E-04,0.096036705,0.093263719,0,0.100813468,0,0,4,187,0.085460259,-0.13614698,0.170661612,0.18750506,60,0.132512301,78,21,53,0.133184592,62.51223022,0.150003857,0.10068626,19,2.814313188,132.2705036,85.48776978,14,0.247096404,0.222511792,1.1202491,0.371672985,0.025157301,-0.177469851,1,0
78.5,Upper Karoo Bioregion,Nama-Karoo,F_0098,4,2025,Slope,-0.950132792,0.032977951,0.225664416,0,0,25.91566842,0,1043.152851,0.084130147,0.001581789,0.131247365,0.058361774,0,0.133063697,0,0,4.702443699,186,0.077970137,-0.15235013,0.218374592,0.127032718,64.8706277,0.143845527,77.04504073,22.06468615,52.91566842,0.082019366,59.04504073,0.216589264,0.096984614,18,4.254098639,256.5941543,91.16866315,14.06468615,0.173431654,0.138507226,1.261228982,0.245208304,0.024723727,-0.120284614,1,0
61.3,Upper Karoo Bioregion,Nama-Karoo,F_0099,4,2025,Slope,0.404869638,0.0504489,0.200947346,0.045403093,0,18.72283389,0,1388.603159,0.098338981,0.008166138,0.048227098,0.087657373,0,0.002416955,0.045328707,0.034436686,4.547630445,216,0.094400655,-0.115622183,0.201128683,0.178102505,69.71517472,0.152799022,74.99234083,26.39779799,51.16419339,0.119078817,59.2336046,0.172148131,0.112483338,18.15653423,9.788089314,187.4906654,130.7831498,17.28482528,0.224200771,0.186591658,1.22410769,0.338052873,0.030968977,-0.149591019,2,0
63.4,Upper Karoo Bioregion,Nama-Karoo,F_0100,4,2025,Plain,0.99848402,0.044717002,0.177410302,0.035273071,0,25.35400763,0,1340.145992,0.078422759,0.008016684,0.044159745,0.07538033,0,0.039215688,0.030903403,0,5,207,0.071300379,-0.087516122,0.184965646,0.141092081,67,0.131191318,79.82299618,25,54,0.098556349,53.17700382,0.141936898,0.08929846,20,1.192132633,162.8597328,138.5310115,13,0.16739852,0.148788636,1.142965696,0.268773521,0.021392812,-0.110018372,1,0
73.1,Upper Karoo Bioregion,Nama-Karoo,F_0101,4,2025,Plain,0.765767796,0.060795865,0.212045781,0.039711706,0,16.7415677,0,1336.765796,0.119675044,0.002990024,0.059050192,0.10502033,0,0.062866195,0.03111872,0,4,208,0.114104527,-0.146302854,0.207218014,0.215282043,62.1567696,0.167883757,79.88551069,23.03610451,53,0.146109288,65.64513064,0.189719386,0.13249656,17.895962,0.929833157,164.5330166,128.9187648,13.7824228,0.299819818,0.261835421,1.162767997,0.433822604,0.037569002,-0.219175938,1,0
68.8,Upper Karoo Bioregion,Nama-Karoo,F_0102,4,2025,Slope,0.378855121,0.055797487,0.20982684,0.02543503,0,18,0,1085.651407,0.10326402,-0.003128664,0.083193948,0.0922988,0,0.08710109,0.025961272,0.021049679,4,174,0.100221672,-0.128733368,0.198051949,0.196718092,58.06151645,0.154081513,82.61516452,21.60801144,52,0.13192878,66.77682403,0.181669872,0.117331813,17,3.351489109,130.7634716,130.505484,17.77682403,0.254829059,0.192865232,1.328481004,0.371130021,0.036985186,-0.162085847,1,0
35.5,Upper Karoo Bioregion,Nama-Karoo,F_0103,4,2025,Plain,4.63E-05,0.064007599,0.116605226,0.031693192,0,,0,1081.183831,0.191400805,0.008288621,0.097281513,0.10673787,0,0.01163449,0.031166307,0.026341316,4,174,0.185694322,-0.018450835,0.306919766,0.266221153,,0.255632907,,,,0.141179521,,0.183378396,0.206701152,,2.171199917,141.3233879,,,0.276232558,0.207468032,1.331445473,0.432954968,0.08086071,-0.16194028,1,0
